{
    "feature_mean": [
        0.7671976553061405,
        0.7822444775871842,
        0.798536227832753,
        0.8154342774002251,
        0.8311573662020431,
        0.84361953617984,
        0.8534034446847265,
        0.86048249165265,
        0.8650205581715699,
        0.8694157281910949,
        0.8751166351667041,
        0.8809544551273002,
        0.8851568921103428,
        0.8881360398201009,
        0.8908529908603993,
        0.8918093297023725,
        0.8900974495861592,
        0.8884794212474962,
        0.8879488394796605,
        0.8869437355255967,
        0.8850099787781016,
        0.8845638087812467,
        0.8863219773305184,
        0.8897485020052224,
        0.8936464374456771,
        0.8965996524864227,
        0.8988138450025315,
        0.9008824800785022,
        0.9021852341142449,
        0.902670766126683,
        0.9025949435109422,
        0.9028653835273742,
        0.9040760518930454,
        0.9059898975100888,
        0.9079309683970328,
        0.9100408350816634,
        0.9119614951791408,
        0.9130676150538808,
        0.9135751976480024,
        0.9141389368586542,
        0.9149987002947241,
        0.9164629621570145,
        0.9183870119835219,
        0.9207990807985392,
        0.9207511875172655,
        0.9174428738022642,
        0.9138375072071917,
        0.9094760014164784,
        0.9031757557232928,
        0.894990671871241,
        0.8864298410818767,
        0.8783417875060319,
        0.8698013196482223,
        0.8613146193022828,
        0.8544472885039951,
        0.8494602205115962,
        0.8454896861460676,
        0.8413730111631458,
        0.8353329562759452,
        0.8266072820400039,
        0.8157085335047146,
        0.8039150336521708,
        0.7909435868484814,
        0.7778927134590548
    ],
    "feature_std": [
        0.24737517976864418,
        0.2578460384221667,
        0.2692616609107999,
        0.2813895768950031,
        0.2919171138951675,
        0.29773463602595684,
        0.30142014180834825,
        0.3024767911665951,
        0.2998680812200283,
        0.2974445690135579,
        0.29794089795164874,
        0.2999686054321344,
        0.2994082867130514,
        0.2980230816111458,
        0.2992996657440732,
        0.2995308221410819,
        0.29635425411563865,
        0.2934969774894826,
        0.29296539188746035,
        0.29185455005910915,
        0.2884330015371643,
        0.2866405350040809,
        0.2870451568836473,
        0.2879023074927698,
        0.28907053553093187,
        0.28871095992765433,
        0.28774598629162496,
        0.2879635079861558,
        0.2884143672722608,
        0.2876980208713558,
        0.2868279541027172,
        0.2867238059522299,
        0.2880183710139693,
        0.28987461221684224,
        0.2915564129144136,
        0.29386162543103345,
        0.29660850999826305,
        0.29803735161469036,
        0.29839491441835986,
        0.2983216638896678,
        0.29882096016481513,
        0.30008533958430544,
        0.30179982823193313,
        0.3047374249729357,
        0.3053309541482146,
        0.30251421178071497,
        0.30309991726050206,
        0.30425027857143755,
        0.3029797463164925,
        0.29856927312208625,
        0.2930239872976938,
        0.28927732925181204,
        0.2861480810748208,
        0.2834100475667332,
        0.28277232313262973,
        0.2842118462361757,
        0.2869687606941056,
        0.28952020478010543,
        0.29009188202697095,
        0.28783363682961766,
        0.28353617957671823,
        0.27693815278610867,
        0.2682688353319203,
        0.2586686870039537
    ],
    "input_path": "../sensor_data/fake_64_channel/multiclass",
    "nb_classes": 200,
    "nb_features": 64,
    "nb_samples": 40000,
    "norm_max": 4.470957785193012,
    "norm_min": -2.1197803383035008,
    "normalization": "snv",
    "parameter": {
        "batch_size": 16,
        "drop_rate": 0.2,
        "hidden_size": 16,
        "learning_rate": 0.0005,
        "nb_epochs": 10,
        "nb_filters": 12
    },
    "quant_scale": 0.02584603185684907,
    "quant_zero": 82.015697807854,
    "timestamp": "2020-10-06T19:59:10.183951",
    "val_accuracy": 0.9671249985694885
}