{
  "feature_mean": [
    0.7866458800654919,
    0.803159147962513,
    0.818362850606519,
    0.8307627711340528,
    0.8403161569905143,
    0.8479630916554685,
    0.8541458032590336,
    0.8599448028141509,
    0.8659312594633366,
    0.8717895861518704,
    0.8771401805864156,
    0.8818236856777582,
    0.8858440134390485,
    0.8888645120005838,
    0.8906181258960969,
    0.8912601677147588,
    0.8916762902951039,
    0.8927331391429052,
    0.8946310119816264,
    0.8972383757316573,
    0.9000301159683202,
    0.9021278099726283,
    0.9037538299019999,
    0.9053206345198834,
    0.9069127218107172,
    0.9084326866421754,
    0.9092658437255065,
    0.9092774245616067,
    0.9085667619551856,
    0.9081360738390666,
    0.9077797926934965,
    0.9075294495870366,
    0.907241219603755,
    0.9069936991586972,
    0.9063760980434785,
    0.9057656968318012,
    0.9052086934945148,
    0.904461694917643,
    0.9033194973674814,
    0.9015961440914804,
    0.9002628476510707,
    0.8992504108814968,
    0.8984724281636882,
    0.896906783182806,
    0.8947583258090026,
    0.8925186024173086,
    0.8905644960197303,
    0.8882575828493815,
    0.8858657471078748,
    0.8839977204990942,
    0.8826496347594505,
    0.8811642673726421,
    0.8795600574628691,
    0.8774958815126651,
    0.875316142782583,
    0.872272135736054,
    0.8672673508418401,
    0.8602419470713434,
    0.8522007721683016,
    0.8431538267761314,
    0.8332228679235822,
    0.8216577213307276,
    0.8078776240923624,
    0.7918102494337128
  ],
  "feature_std": [
    0.2604234791190888,
    0.27237480466643404,
    0.28190281727358574,
    0.2877145665716678,
    0.29006186345818497,
    0.29101656301114126,
    0.29117201479604565,
    0.2913735515867283,
    0.2925943344724737,
    0.2942250511717175,
    0.2951583251573162,
    0.2956615496283936,
    0.29647286798417033,
    0.29683781175106216,
    0.29598931365268694,
    0.29379444410431355,
    0.29209694206775577,
    0.29112908952488653,
    0.29130693583466777,
    0.2927423105551157,
    0.29416180537958697,
    0.29458211172224935,
    0.29446875457691246,
    0.29471568389364844,
    0.29536258189720777,
    0.29599291643464903,
    0.2967232736248939,
    0.29626564497646357,
    0.2952349413004213,
    0.2950367247527532,
    0.2947220491576735,
    0.294272056774766,
    0.2941777737207219,
    0.29389971119310976,
    0.2934841844487955,
    0.29337606672909544,
    0.29395231821120027,
    0.2943420731492652,
    0.293635788736124,
    0.2924871149486609,
    0.2914618576500363,
    0.2914165080065907,
    0.29204910171634035,
    0.2918509450287999,
    0.2908514203958063,
    0.2901736123281211,
    0.2900617050683615,
    0.28949851946866934,
    0.2889657684165911,
    0.28955543519170035,
    0.29104928683543535,
    0.2929833426530853,
    0.2942335179971286,
    0.29529465948772016,
    0.2970425077344856,
    0.29832757392650927,
    0.2974824167747293,
    0.29460217497953284,
    0.29181380947067453,
    0.2893023033122505,
    0.28618568964047,
    0.28205542490018337,
    0.27521539447857135,
    0.26406652715098483
  ],
  "input_path": "/tmp/fake_64ch_train",
  "learning_parameter": {
    "batch_size": 16,
    "learning_rate": 0.005,
    "lr_scheduler_factor": 0.5,
    "lr_scheduler_min_lr": 0.0001,
    "lr_scheduler_patience": 5
  },
  "model_parameter": {
    "kernel_size": 20,
    "nb_conv_layers": 3,
    "nb_filters": 16
  },
  "nb_classes": 1000,
  "nb_features": 64,
  "nb_samples": 50000,
  "normalization": "snv",
  "timestamp": "2020-10-15T06:56:23.318906",
  "val_accuracy": 0.9822999835014343
}