{
  "feature_mean": [
    0.7819439351914744,
    0.7962184809443497,
    0.8094524014481999,
    0.8216105068965984,
    0.8322339218512259,
    0.84073330791617,
    0.848326138748568,
    0.8551302372497613,
    0.8616992540175512,
    0.8680444427265193,
    0.8729964758175561,
    0.8756755678378986,
    0.8773459877240761,
    0.8788588788772375,
    0.8802863202745259,
    0.8818691341424408,
    0.8834917810537644,
    0.8851436053172942,
    0.8865155118402845,
    0.8879523793766493,
    0.8896594216326065,
    0.891616889287169,
    0.8938503028062327,
    0.8967612081920467,
    0.8999188464601889,
    0.9021782689884768,
    0.9034356882234109,
    0.9042167261382484,
    0.9050605238325586,
    0.9061630999425166,
    0.907383695933712,
    0.9082459139328053,
    0.9082184280337037,
    0.9079429338378532,
    0.9082422910975749,
    0.908264682583905,
    0.9077183804981689,
    0.90661317607321,
    0.905333195744604,
    0.9042423696917203,
    0.9037227212495392,
    0.9037262456355613,
    0.9034707917236754,
    0.9029775462866468,
    0.9024142226556291,
    0.901664326358,
    0.9007067090351829,
    0.8998427013634495,
    0.8986710799430911,
    0.8967324747387906,
    0.8944334046709203,
    0.8914609499186419,
    0.8883097245041176,
    0.8855245093128665,
    0.8824724530824473,
    0.8778874817302285,
    0.8708662228360399,
    0.8618866694321099,
    0.8521218507738795,
    0.841999720773973,
    0.8310311332067402,
    0.8187329090051269,
    0.8046003938003407,
    0.7886933893093103
  ],
  "feature_std": [
    0.25798998118523586,
    0.267436274656413,
    0.2750406667224253,
    0.2816447850358327,
    0.2860633547361072,
    0.28786111208211945,
    0.2894744194741397,
    0.290814326045451,
    0.29245439982317567,
    0.2949343861633362,
    0.2961885052917117,
    0.2943900636182787,
    0.2919350989534368,
    0.2906250979407594,
    0.2896787570679967,
    0.289302515904321,
    0.2895248233960698,
    0.28931216122151343,
    0.2890985690701755,
    0.2890015657540231,
    0.28891978894978865,
    0.2889091090435909,
    0.28911303805753436,
    0.289937724392274,
    0.2914358680995578,
    0.29200392046315854,
    0.29131032266976864,
    0.29018373269355724,
    0.29011220730222137,
    0.2906835382134652,
    0.29199389851210317,
    0.29310093398302406,
    0.2926335242265547,
    0.29230498808899724,
    0.29323085068722626,
    0.294334574492548,
    0.29498876924393375,
    0.2950541135685261,
    0.29474422397154865,
    0.2942850381046215,
    0.29477429303336994,
    0.29604261887251127,
    0.2965025860438333,
    0.2962710658827362,
    0.2962426285205536,
    0.2957333769018629,
    0.295091551693813,
    0.2952594601158325,
    0.2957147014262737,
    0.2966938510857454,
    0.29746781005325845,
    0.29764726556379717,
    0.2982815493384494,
    0.3001392130363352,
    0.3028595492827334,
    0.3040958837546901,
    0.3019299816530573,
    0.2980654468348299,
    0.294300451982617,
    0.2907716772298097,
    0.28734183973442434,
    0.28249378709607387,
    0.27510367226093413,
    0.2639747135362093
  ],
  "input_path": "/tmp/fake_64ch_train",
  "learning_parameter": {
    "batch_size": 16,
    "learning_rate": 0.005,
    "lr_scheduler_factor": 0.5,
    "lr_scheduler_min_lr": 0.0001,
    "lr_scheduler_patience": 5
  },
  "model_parameter": {
    "kernel_size": 20,
    "nb_conv_layers": 3,
    "nb_filters": 16
  },
  "nb_classes": 1000,
  "nb_features": 64,
  "nb_samples": 50000,
  "normalization": "snv",
  "timestamp": "2020-10-13T08:13:40.373958",
  "val_accuracy": 0.9861999750137329
}